adult,backdrop_path,genre_ids,id,original_language,original_title,overview,popularity,poster_path,release_date,title,video,vote_average,vote_count,genres
False,/w3Bi0wygeFQctn6AqFTwhGNXRwL.jpg,"[14, 10402, 35, 16]",803796,en,KPop Demon Hunters,"When K-pop superstars Rumi, Mira and Zoey aren't selling out stadiums, they're using their secret powers to protect their fans from supernatural threats.",56.4673,/zT7Lhw3BhJbMkRqm9Zlx2YGMsY0.jpg,2025-06-20,KPop Demon Hunters,False,8.043,2535,"Fantasy, Music, Comedy, Animation"
False,/g7CHF8gTLGooTbP4GznIGwaqAGL.jpg,"[10751, 16, 10402, 12]",354912,en,Coco,"Despite his family’s baffling generations-old ban on music, Miguel dreams of becoming an accomplished musician like his idol, Ernesto de la Cruz. Desperate to prove his talent, Miguel finds himself in the stunning and colorful Land of the Dead following a mysterious chain of events. Along the way, he meets charming trickster Hector, and together, they set off on an extraordinary journey to unlock the real story behind Miguel's family history.",19.5472,/6Ryitt95xrO8KXuqRGm1fUuNwqF.jpg,2017-10-27,Coco,False,8.198,20748,"Family, Animation, Music, Adventure"
False,/wbQa0EnWUyRzQ5d1pHLNRlmsCUP.jpg,"[18, 10402, 53]",244786,en,Whiplash,"Under the direction of a ruthless instructor, a talented young drummer begins to pursue perfection at any cost, even his humanity.",18.9792,/7fn624j5lj3xTme2SgiLCeuedmO.jpg,2014-10-10,Whiplash,False,8.374,16405,"Drama, Music, Thriller"
False,/rQaHA74pevnGsxcKGaoZVGWe9TC.jpg,"[16, 10751, 35, 14, 18, 10402]",508442,en,Soul,"Joe Gardner is a middle school teacher with a love for jazz music. After a successful audition at the Half Note Club, he suddenly gets into an accident that separates his soul from his body and is transported to the You Seminar, a center in which souls develop and gain passions before being transported to a newborn child. Joe must enlist help from the other souls-in-training, like 22, a soul who has spent eons in the You Seminar, in order to get back to Earth.",10.9725,/6jmppcaubzLF8wkXM36ganVISCo.jpg,2020-12-25,Soul,False,8.094,11259,"Animation, Family, Comedy, Fantasy, Drama, Music"
False,/v85FlkbMYKa5du1glm0YfYNsL2n.jpg,"[18, 10402, 10749]",776503,en,CODA,"As a CODA (Child of Deaf Adults), Ruby is the only hearing person in her deaf family. When the family's fishing business is threatened, Ruby finds herself torn between pursuing her love of music and her fear of abandoning her parents.",10.0493,/BzVjmm8l23rPsijLiNLUzuQtyd.jpg,2021-08-13,CODA,False,7.896,2519,"Drama, Music, Romance"
False,/z9ft5HYHzWcasR6SGcgeluxTznB.jpg,"[10751, 35, 10402, 16]",335797,en,Sing,A koala named Buster recruits his best friend to help him drum up business for his theater by hosting a singing competition.,8.8795,/b8UiFXwMrSXVTHM0fb2twl8uE8a.jpg,2016-11-23,Sing,False,7.121,8368,"Family, Comedy, Music, Animation"
False,/qU7tNIMpRqkizIObXfkJY3haTqh.jpg,"[18, 10402, 10749]",27,en,9 Songs,"Matt, a young glaciologist, soars across the vast, silent, icebound immensities of the South Pole as he recalls his love affair with Lisa. They meet at a mobbed rock concert in a vast music hall - London's Brixton Academy. They are in bed at night's end. Together, over a period of several months, they pursue a mutual sexual passion whose inevitable stages unfold in counterpoint to nine live-concert songs.",8.8285,/91O7z0vo7MiNWd5xD2BoivwbQsb.jpg,2004-07-16,9 Songs,False,5.531,568,"Drama, Music, Romance"
False,/ztiFxuG0gC6wQ8y7JZFYbCQyN4Y.jpg,"[10751, 35, 10402, 16]",438695,en,Sing 2,"Buster and his new cast now have their sights set on debuting a new show at the Crystal Tower Theater in glamorous Redshore City. But with no connections, he and his singers must sneak into the Crystal Entertainment offices, run by the ruthless wolf mogul Jimmy Crystal, where the gang pitches the ridiculous idea of casting the lion rock legend Clay Calloway in their show. Buster must embark on a quest to find the now-isolated Clay and persuade him to return to the stage.",8.7651,/aWeKITRFbbwY8txG5uCj4rMCfSP.jpg,2021-12-01,Sing 2,False,7.833,4720,"Family, Comedy, Music, Animation"
False,/jNG7pl0DkN1nzxnbZj4MCGf2VEG.jpg,"[18, 10402]",65,en,8 Mile,"For Jimmy Smith, Jr., life is a daily fight just to keep hope alive. Feeding his dreams in Detroit's vibrant music scene, Jimmy wages an extraordinary personal struggle to find his own voice - and earn a place in a world where rhymes rule, legends are born and every moment… is another chance.",7.4249,/7BmQj8qE1FLuLTf7Xjf9sdIHzoa.jpg,2002-11-08,8 Mile,False,7.14,7726,"Drama, Music"
False,/dcvbs8z0GEXslC1kCT77x19XDeR.jpg,"[10402, 18]",424694,en,Bohemian Rhapsody,"Singer Freddie Mercury, guitarist Brian May, drummer Roger Taylor and bass guitarist John Deacon take the music world by storm when they form the rock 'n' roll band Queen in 1970. Hit songs become instant classics. When Mercury's increasingly wild lifestyle starts to spiral out of control, Queen soon faces its greatest challenge yet – finding a way to keep the band together amid the success and excess.",6.989,/lHu1wtNaczFPGFDTrjCSzeLPTKN.jpg,2018-10-24,Bohemian Rhapsody,False,7.96,17610,"Music, Drama"
False,/kcCy5tKTe6WepVQ6SQaSewpmoCj.jpg,"[18, 10402]",661539,en,A Complete Unknown,"New York, early 1960s. Against the backdrop of a vibrant music scene and tumultuous cultural upheaval, an enigmatic 19-year-old from Minnesota arrives in the West Village with his guitar and revolutionary talent, destined to change the course of American music.",6.9688,/llWl3GtNoXosbvYboelmoT459NM.jpg,2024-12-25,A Complete Unknown,False,7.088,1387,"Drama, Music"
False,/bWOfRV1Ubk9SWEDZDDjsmIUCcbZ.jpg,"[35, 10402]",254470,en,Pitch Perfect 2,"The Bellas are back, and they are better than ever. After being humiliated in front of none other than the President of the United States of America, the Bellas are taken out of the Aca-Circuit. In order to clear their name, and regain their status, the Bellas take on a seemingly impossible task: winning an international competition no American team has ever won. In order to accomplish this monumental task, they need to strengthen the bonds of friendship and sisterhood and blow away the competition with their amazing aca-magic! With all new friends and old rivals tagging along for the trip, the Bellas can hopefully accomplish their dreams.",6.9324,/oFBQUufCV4c8WZoNhtGM17p884H.jpg,2015-05-07,Pitch Perfect 2,False,6.842,5480,"Comedy, Music"
False,/6iDQCBUSZKzY8Rnu8ECwl2gXcfG.jpg,"[18, 10402, 10749]",88,en,Dirty Dancing,"Expecting the usual tedium that accompanies a summer in the Catskills with her family, 17-year-old Frances 'Baby' Houseman is surprised to find herself stepping into the shoes of a professional hoofer—and unexpectedly falling in love.",6.754,/9Jw6jys7q9gjzVX5zm1z0gC8gY9.jpg,1987-08-21,Dirty Dancing,False,7.325,6448,"Drama, Music, Romance"
False,/qsxhnirlp7y4Ae9bd11oYJSX59j.jpg,"[10751, 16, 35, 14, 12, 10402]",446893,en,Trolls World Tour,"Queen Poppy and Branch make a surprising discovery — there are other Troll worlds beyond their own, and their distinct differences create big clashes between these various tribes. When a mysterious threat puts all of the Trolls across the land in danger, Poppy, Branch, and their band of friends must embark on an epic quest to create harmony among the feuding Trolls to unite them against certain doom.",6.723,/7W0G3YECgDAfnuiHG91r8WqgIOe.jpg,2020-03-11,Trolls World Tour,False,7.248,2246,"Family, Animation, Comedy, Fantasy, Adventure, Music"
False,/gXyYOWAkk4FdQU3adK8WFj8nN9J.jpg,"[10751, 16, 14, 12, 35, 10402]",136799,en,Trolls,"After the monstrous Bergens invade Troll Village, Princess Poppy, the happiest Troll ever born, and overly-cautious, curmudgeonly outcast Branch set off on a journey to rescue her friends. Their mission is full of adventure and mishaps, as this mismatched duo try to tolerate each other long enough to get the job done.",6.6778,/9VlK2j0THZWzhQPq0W3Oc0IIdBB.jpg,2016-10-13,Trolls,False,6.628,3776,"Family, Animation, Fantasy, Adventure, Comedy, Music"
False,/2sE6hrwfn9IV7eDlMvpIb9q1EWy.jpg,"[35, 10402, 10749]",114150,en,Pitch Perfect,"College student Beca knows she does not want to be part of a clique, but that's exactly where she finds herself after arriving at her new school. Thrust in among mean gals, nice gals and just plain weird gals, Beca finds that the only thing they have in common is how well they sing together. She takes the women of the group out of their comfort zone of traditional arrangements and into a world of amazing harmonic combinations in a fight to the top of college music competitions.",6.6489,/gsFoJk9g8W3zgaipRrrURk7LbiF.jpg,2012-09-28,Pitch Perfect,False,7.274,6811,"Comedy, Music, Romance"
False,/cLZsdMMC3hoVQy9xwn3YJ4CR9Pd.jpg,"[35, 10402, 10749]",11172,en,Music and Lyrics,"A washed-up '80s pop star gets a chance at a comeback when reigning pop diva Cora Corman invites him to write & record a duet with her, but there's a problem--Alex hasn't written a song in years; he's never written lyrics and he has to come up with a hit in a matter of days.",6.6142,/1WXVpnovC0EETbqcjVhy3hwIITK.jpg,2007-02-09,Music and Lyrics,False,6.4,1771,"Comedy, Music, Romance"
False,/9dixOiaWMKAJiqBiIf7GgHADsG4.jpg,"[10402, 18, 10749]",10028,en,Honey,"Honey Daniels dreams of making a name for herself as a hip-hop choreographer. When she's not busy hitting downtown clubs with her friends, she teaches dance classes at a nearby community center in Harlem, N.Y., as a way to keep kids off the streets. Honey thinks she's hit the jackpot when she meets a hotshot director casts her in one of his music videos. But, when he starts demanding sexual favors from her, Honey makes a decision that will change her life.",6.5733,/gnY6d7BoddAAQ8s42fxCJK8lL1A.jpg,2003-12-05,Honey,False,6.34,1225,"Music, Drama, Romance"
False,/mDW6z7I6de6JbUgPOkAEZwKbg7G.jpg,"[16, 10751, 10402, 14, 35, 12]",901362,en,Trolls Band Together,"When Branch's brother, Floyd, is kidnapped for his musical talents by a pair of nefarious pop-star villains, Branch and Poppy embark on a harrowing and emotional journey to reunite the other brothers and rescue Floyd from a fate even worse than pop-culture obscurity.",6.5645,/bkpPTZUdq31UGDovmszsg2CchiI.jpg,2023-10-12,Trolls Band Together,False,7.25,967,"Animation, Family, Music, Fantasy, Comedy, Adventure"
False,/20ncMtoy9Cxy6OQxgXZemHoFymz.jpg,"[10751, 12, 14, 10770, 10402]",277217,en,Descendants,"A present-day idyllic kingdom where the benevolent teenage son of King Adam and Queen Belle offers a chance of redemption for the troublemaking offspring of Disney's classic villains: Cruella De Vil (Carlos), Maleficent (Mal), the Evil Queen (Evie) and Jafar (Jay).",6.475,/65DkgHPSLVjgr6IYkpY9Aqqqid5.jpg,2015-07-31,Descendants,False,7.152,2486,"Family, Adventure, Fantasy, TV Movie, Music"
False,/f2MzXz3vjuNtSPn17ugFa6oTUmc.jpg,"[35, 18, 10402, 10749]",6282,en,Coyote Ugly,"Graced with a velvet voice, 21-year-old Violet Sanford heads to New York to pursue her dream of becoming a songwriter only to find her aspirations sidelined by the accolades and notoriety she receives at her ""day"" job as a barmaid at Coyote Ugly. The ""Coyotes"" as they are affectionately called tantalize customers and the media alike with their outrageous antics, making Coyote Ugly the watering hole for guys on the prowl.",6.0617,/xYM0laKrEqjiRSQNvqRrXPXN3iL.jpg,2000-07-30,Coyote Ugly,False,6.264,2246,"Comedy, Drama, Music, Romance"
False,/eWYrrdCKd4bjOKB9DB0HtRUhI1o.jpg,"[18, 35, 10402]",5528,fr,Les Choristes,"In 1940s France, a new teacher at a school for disruptive boys gives hope and inspiration.",5.8028,/hUl7gSvkGygyk9wt3zy5NqpC5bb.jpg,2004-03-17,The Chorus,False,7.735,2582,"Drama, Comedy, Music"
False,/u3MWQCdHyCK7IADtat4sVmBXd9U.jpg,"[99, 10402]",1022256,en,Selena Gomez: My Mind & Me,"After years in the limelight, Selena Gomez achieves unimaginable stardom. But just as she reaches a new peak, an unexpected turn pulls her into darkness. This uniquely raw and intimate documentary spans her six-year journey into a new light.",7.356,/usJxHVxT70lAA7AynnZlmPth7R3.jpg,2022-11-04,Selena Gomez: My Mind & Me,False,8.546,581,"Documentary, Music"
False,/dDYpjrwh1wNVQk0rEpc9P81wQt4.jpg,"[10402, 18, 10749]",332562,en,A Star Is Born,"Seasoned musician Jackson Maine discovers — and falls in love with — struggling artist Ally. She has just about given up on her dream to make it big as a singer — until Jack coaxes her into the spotlight. But even as Ally's career takes off, the personal side of their relationship is breaking down, as Jack fights an ongoing battle with his own internal demons.",6.3643,/wrFpXMNBRj2PBiN4Z5kix51XaIZ.jpg,2018-10-03,A Star Is Born,False,7.493,12146,"Music, Drama, Romance"
False,/4i3Amppd6eW5Qkhjv4gdHk3CCoE.jpg,"[36, 10402, 18]",279,en,Amadeus,Disciplined Italian composer Antonio Salieri becomes consumed by jealousy and resentment towards the hedonistic and remarkably talented young Salzburger composer Wolfgang Amadeus Mozart.,5.9562,/gQRfiyfGvr1az0quaYyMram3Aqt.jpg,1984-09-19,Amadeus,False,8.024,4680,"History, Music, Drama"
False,/bk2fTuIhQIvdAA3RbnrnvLvuaTc.jpg,"[10402, 35, 28, 80]",525,en,The Blues Brothers,"Jake Blues, just released from prison, puts his old band back together to save the Catholic home where he and his brother Elwood were raised.",5.4953,/rhYJKOt6UrQq7JQgLyQcSWW5R86.jpg,1980-06-16,The Blues Brothers,False,7.721,4514,"Music, Comedy, Action, Crime"
False,/y9M9xO78SHf43pK5TOgfOeQRHXj.jpg,"[18, 10751, 10402, 10749]",15121,en,The Sound of Music,"In the years before World War II, a tomboyish postulant at an Austrian abbey is hired as a governess in the home of a widowed naval captain with seven children and brings a new love of life and music into the home.",7.298,/c6CrUZypAsBCaRWX0M3RVRDbhNS.jpg,1965-03-29,The Sound of Music,False,7.73,3574,"Drama, Family, Music, Romance"
False,/ubgl0v0crnOGYPGkR2hhIwv7Chm.jpg,"[18, 36, 10402]",14299,en,Cadillac Records,"The story of sex, violence, race and rock and roll in 1950s Chicago, and the exciting but turbulent lives of some of America's musical legends, including Muddy Waters, Leonard Chess, Little Walter, Howlin' Wolf, Etta James and Chuck Berry.",4.4051,/u2GtllItFwaXMLj4uCeKYt9wf4l.jpg,2008-12-05,Cadillac Records,False,7.085,469,"Drama, History, Music"
False,/4dZnJLpTzy6FKtrZmoViw3yh0CO.jpg,"[35, 10402]",13370,en,A Mighty Wind,"Three eclectic, never-quite-famous folk bands come together for the first time in decades following the death of their manager to put on an reunion concert in his honor, at the request of his son.",3.1338,/5wUYwAD75BxtJ0Mp4da6XzHIFex.jpg,2003-04-16,A Mighty Wind,False,6.8,260,"Comedy, Music"
False,/8wYluVq5AVXhnFFMhUYD9D4rTz5.jpg,"[18, 10402]",1125,en,Dreamgirls,"A trio of female soul singers cross over to the pop charts in the early 1960s, facing their own personal struggles along the way.",5.2767,/sG5JyOj8Spe13QkNJMH8b5kzQUh.jpg,2006-12-25,Dreamgirls,False,6.7,1067,"Drama, Music"
False,/AqLtFRKVX2G0ghMnMnQoSGan4pY.jpg,"[18, 10402]",786,en,Almost Famous,"In 1973, 15-year-old William Miller's unabashed love of music and aspiration to become a rock journalist lands him an assignment from Rolling Stone magazine to interview and tour with the up-and-coming band, Stillwater.",6.2605,/3rrkyLYbgLj84AYvjhdcJot4JPx.jpg,2000-09-15,Almost Famous,False,7.496,3049,"Drama, Music"
False,/k5MTAtE9CCi5TWA84qaFMYv3ajB.jpg,"[35, 10402, 10751]",1584,en,School of Rock,"Fired from his band and hard up for cash, guitarist and vocalist Dewey Finn finagles his way into a job as a fifth-grade substitute teacher at a private school, where he secretly begins teaching his straight-A students the finer points of rock 'n' roll and the power of sticking it to the man. But as the school’s stern principal closes in and the Battle of the Bands looms, Dewey risks everything to prove that rock ’n’ roll can change lives.",4.8991,/zXLXaepIBvFVLU25DH3wv4IPSbe.jpg,2003-10-03,School of Rock,False,7.082,6082,"Comedy, Music, Family"
False,/umtxTkop7Ec9UFynjB7Z53lmkX1.jpg,"[18, 10402]",1677,en,Ray,"Born on a sharecropping plantation in Northern Florida, Ray Charles went blind at seven. Inspired by a fiercely independent mom who insisted he make his own way, He found his calling and his gift behind a piano keyboard. Touring across the Southern musical circuit, the soulful singer gained a reputation and then exploded with worldwide fame when he pioneered coupling gospel and country together.",5.7873,/tSPC7sO2XYNL9QcMmK88tuUALL5.jpg,2004-10-29,Ray,False,7.445,2159,"Drama, Music"
False,/7aiVtavsu145yo6n4ZpazwMDLXL.jpg,"[16, 878, 18, 10402]",776305,ja,竜とそばかすの姫,"Suzu is a 17-year-old high-school student living in a rural town with her father. Wounded by the loss of her mother at a young age, Suzu one day discovers the massive online world ""U"" and dives into this alternate reality as her avatar, Belle. Before long, all of U's eyes are fixed on Belle, when, suddenly, a mysterious, dragon-like figure appears before her.",4.8227,/fYHOD4pxZQk4rsP2tQrZI5uBlZV.jpg,2021-07-16,Belle,False,7.634,852,"Animation, Science Fiction, Drama, Music"
False,/bNiBuekwqwNKFGSqlJRDZIF4ADB.jpg,"[10402, 35]",2005,en,Sister Act,"A Reno singer witnesses a mob murder and the cops stash her in a nunnery to protect her from the mob's hitmen. The mother superior does not trust her, and takes steps to limit her influence on the other nuns. Eventually the singer rescues the failing choir and begins helping with community projects, which gets her an interview on TV—and identification by the mob.",4.6171,/xZvVSZ0RTxIjblLV87vs7ADM12m.jpg,1992-05-28,Sister Act,False,6.8,3392,"Music, Comedy"
False,/wWLUUGtemgrRyH24v8lAkSR58US.jpg,"[10751, 10770, 12, 14, 10402]",506574,en,Descendants 3,The teenagers of Disney's most infamous villains return to the Isle of the Lost to recruit a new batch of villainous offspring to join them at Auradon Prep.,4.6286,/7IRy0iHdaS0JI3ng4ZYlk5gLSFn.jpg,2019-08-02,Descendants 3,False,7.671,1603,"Family, TV Movie, Adventure, Fantasy, Music"
False,/3lf6YCItKcF3Wrrs7tp1PL0eyOT.jpg,"[35, 10751, 16, 14, 10402]",23398,en,Alvin and the Chipmunks: The Squeakquel,"Pop sensations Alvin, Simon and Theodore end up in the care of Dave Seville's twenty-something nephew Toby. The boys must put aside music super stardom to return to school, and are tasked with saving the school's music program by winning the $25,000 prize in a battle of the bands. But the Chipmunks unexpectedly meet their match in three singing chipmunks known as The Chipettes - Brittany, Eleanor and Jeanette. Romantic and musical sparks are ignited when the Chipmunks and Chipettes square off.",4.8461,/8mdPqOga5fty15nXmaNcK1fsNMa.jpg,2009-12-21,Alvin and the Chipmunks: The Squeakquel,False,5.654,3096,"Comedy, Family, Animation, Fantasy, Music"
False,/vvcLSgiviCIU0J0UcwLqWdU8Iup.jpg,"[18, 10749, 10402]",824,en,Moulin Rouge!,"A celebration of love and creative inspiration takes place in the infamous, gaudy and glamorous Parisian nightclub, at the cusp of the 20th century. A young poet, who is plunged into the heady world of Moulin Rouge, begins a passionate affair with the club's most notorious and beautiful star.",4.8679,/2kjM5CUZRIU5yOANUowrbJcRL9L.jpg,2001-05-18,Moulin Rouge!,False,7.534,4792,"Drama, Romance, Music"
False,/8r9RoGfwGmn1pn0G3sbvHHemSWF.jpg,"[18, 10402, 36]",277216,en,Straight Outta Compton,"In 1987, five young men, using brutally honest rhymes and hardcore beats, put their frustration and anger about life in the most dangerous place in America into the most powerful weapon they had: their music.  Taking us back to where it all began, Straight Outta Compton tells the true story of how these cultural rebels—armed only with their lyrics, swagger, bravado and raw talent—stood up to the authorities that meant to keep them down and formed the world’s most dangerous group, N.W.A.  And as they spoke the truth that no one had before and exposed life in the hood, their voice ignited a social revolution that is still reverberating today.",4.3088,/1CiLJx8Xtv3TbbFj6k7BboSmKgC.jpg,2015-08-11,Straight Outta Compton,False,7.8,4131,"Drama, Music, History"
False,/k3AGi4UD8Ql2dKosXh6FrBSKm0s.jpg,"[10402, 18, 10749, 80]",9762,en,Step Up,"Delinquent Tyler Gage receives the opportunity of a lifetime after vandalizing a performing arts school, gaining him the chance to earn a scholarship and dance with up-and-coming dancer Nora.",5.1302,/fmw52kXk2kN8AQil7tgOD41gt4Q.jpg,2006-08-11,Step Up,False,6.871,3861,"Music, Drama, Romance, Crime"
False,/oOczvrnhpXUmqCbyKYFj4FQExAo.jpg,"[18, 10402]",1230368,en,Springsteen: Deliver Me from Nowhere,"Bruce Springsteen, a young musician on the cusp of global superstardom, struggles to reconcile the pressures of success with the ghosts of his past.",4.4338,/csBV3eq4RDjNg1acNQ8kwOZyPlZ.jpg,2025-10-22,Springsteen: Deliver Me from Nowhere,False,6.741,251,"Drama, Music"
False,/o8QeIgs4CVNjFDZuAzXE1OIEuZ4.jpg,"[18, 35, 10402]",209361,en,One Chance,"This film follows the remarkable and inspirational true story of Paul Potts, a shy, bullied shop assistant by day and an amateur opera singer by night.",3.5052,/vAjAcDsbtslnmRGmdxFpumq6onO.jpg,2013-09-09,One Chance,False,6.645,314,"Drama, Comedy, Music"
False,/fW1GatD12zbltefRvKR6b4iouQp.jpg,"[18, 10402, 10749]",68817,en,Footloose,"Ren MacCormack is transplanted from Boston to the small southern town of Bomont where loud music and dancing are prohibited. Not one to bow to the status quo, Ren challenges the ban, revitalizing the town and falling in love with the minister’s troubled daughter Ariel in the process.",3.6556,/cDUW5RWmyHcTxu7eg9eMqhBQy2J.jpg,2011-10-06,Footloose,False,6.585,1708,"Drama, Music, Romance"
False,/2p1nyBVSEBiCTrrZeVSV9nIsqHr.jpg,"[35, 18, 10751, 10402, 10749, 10770]",10947,en,High School Musical,A popular high school athlete and an academically gifted girl get roles in the school musical and develop a friendship that threatens East High's social order.,11.1017,/1DGmWZjUJPeKGFRHGCA6VPFUBML.jpg,2006-01-20,High School Musical,False,6.549,4757,"Comedy, Drama, Family, Music, Romance, TV Movie"
False,/bxJmFRjwWnpoLFkp5OSzA7xfzn6.jpg,"[18, 80, 10402]",10060,en,Get Rich or Die Tryin',"A tale of an inner city drug dealer who turns away from crime to pursue his passion, rap music.",3.6392,/aaEJu8vFKtrAoSRtw3xjCf1aM5d.jpg,2005-11-09,Get Rich or Die Tryin',False,6.796,1008,"Drama, Crime, Music"
False,/5om2iHhm2dgv0s2YgPDSEMIkRNx.jpg,"[35, 14, 10402, 10749]",515195,en,Yesterday,A struggling musician realizes he's the only person on Earth who can remember The Beatles after waking up in an alternate reality where the group was forgotten.,4.3366,/9fYka5CQt9nrb6LOtKicysUf9NA.jpg,2019-06-26,Yesterday,False,6.684,4214,"Comedy, Fantasy, Music, Romance"
False,/wP0NGOGf2PG4lHXHWEqFW0kBOye.jpg,"[10402, 18]",799766,en,Better Man,"Follow Robbie Williams' journey from childhood, to being the youngest member of chart-topping boyband Take That, through to his unparalleled achievements as a record-breaking solo artist – all the while confronting the challenges that stratospheric fame and success can bring.",4.1387,/fbGCmMp0HlYnAPv28GOENPShezM.jpg,2024-12-06,Better Man,False,7.626,803,"Music, Drama"
False,/oImvpyBfpXQgFevXWrh1adswdOn.jpg,"[10402, 18, 35]",12508,en,Rock Star,"A wannabe rock star who fronts a Pennsylvania-based tribute band is devastated when his bandmates kick him out of the group he founded. Things begin to look up for Izzy when he is asked to join Steel Dragon, the heavy metal rockers he had been imitating for so long. This film is loosely based on the true story of the band Judas Priest.",3.7524,/8pRMweo9WA1MvYOLsD2hWyFpZ1V.jpg,2001-09-04,Rock Star,False,6.7,801,"Music, Drama, Comedy"
False,/p1XSyBriqz7oBWoVcRqYlB6Kve3.jpg,"[18, 10402, 10749]",5723,en,Once,"A vacuum repairman moonlights as a street musician and hopes for his big break. One day a Czech immigrant, who earns a living selling flowers, approaches him with the news that she is also an aspiring singer-songwriter. The pair decide to collaborate, and the songs that they compose reflect the story of their blossoming love.",4.233,/7nW363kSYRCkr4VGOMvuSGwtzKs.jpg,2007-03-23,Once,False,7.414,1435,"Drama, Music, Romance"
False,/i3pONuqGZSR3UYOOdBeU2CiQnxj.jpg,"[10751, 18, 10402]",5123,en,August Rush,"Lyla and Louis, a singer and a musician, fall in love, but are soon compelled to separate. Lyla is forced to give up her newborn but unknown to her, he grows up to become a musical genius.",4.0971,/oA6ZeICPINiS6YtD5WZeBaGVmuT.jpg,2007-11-21,August Rush,False,7.411,2808,"Family, Drama, Music"
False,/isnJGDrfR9dIrHMsPTvHtJaGEpc.jpg,"[10402, 18]",504608,en,Rocketman,"The story of Elton John's life, from his years as a prodigy at the Royal Academy of Music through his influential and enduring musical partnership with Bernie Taupin.",4.2645,/f4FF18ia7yTvHf2izNrHqBmgH8U.jpg,2019-05-17,Rocketman,False,7.306,4932,"Music, Drama"
False,/5T01b2OxE85HC3nSKeULBDf98cP.jpg,"[18, 10402]",41823,en,Mo' Better Blues,"Talented but self-centered trumpeter Bleek Gilliam is obsessed with his music and indecisiveness about his girlfriends Indigo and Clarke. But when he is forced to come to the aid of his manager and childhood friend, Bleek finds his world more fragile than he ever imagined.",2.4405,/sEa6m5RjfrqfTzY1eHkC85shiUF.jpg,1990-08-03,Mo' Better Blues,False,6.469,254,"Drama, Music"
False,/bH5OLuPjCg9Tat6G6VDbxGiP6FP.jpg,"[35, 10402, 10749]",11054,en,Hairspray,"'Pleasantly plump' teenager Tracy Turnblad achieves her dream of becoming a regular on the Corny Collins Dance Show. Now a teen hero, she starts using her fame to speak out for the causes she believes in, most of all integration. In doing so, she earns the wrath of the show's former star, Amber Von Tussle, as well as Amber's manipulative, pro-segregation parents. The rivalry comes to a head as Amber and Tracy vie for the title of Miss Auto Show 1963.",4.0741,/n78VVWG1jsEpMCtcye13wy1RiAx.jpg,1988-02-26,Hairspray,False,6.8,442,"Comedy, Music, Romance"
False,/muSeX7fnNw0pv4zHK7RSwZln6Hk.jpg,"[18, 10402]",10376,it,La leggenda del pianista sull'oceano,"The story of a virtuoso piano player who lives his entire life aboard an ocean liner. Born and raised on the ship, 1900 learned about the outside world through interactions with passengers, never setting foot on land, even for the love of his life. Years later, the ship may be destroyed, and a former band member fears that 1900 may still be aboard, willing to go down with the ship.",4.2408,/iOcbJ5pxokOPDRgieVDbsFMrCc6.jpg,1998-10-28,The Legend of 1900,False,8.241,2413,"Drama, Music"
False,/xyS0NgcQ2pbGWcwvSSu3xKEBhoO.jpg,"[18, 10402, 36]",614934,en,Elvis,"The life story of Elvis Presley as seen through the complicated relationship with his enigmatic manager, Colonel Tom Parker.",4.5979,/rva3UhKaMeiB0Vej5A2pm1leX7K.jpg,2022-06-22,Elvis,False,7.466,3813,"Drama, Music, History"
False,/Amb16QpgV4ZxdU8C80SW6JNySp9.jpg,"[99, 10402]",1226841,en,The Greatest Night in Pop,"On a January night in 1985, music's biggest stars gathered to record ""We Are the World."" This documentary goes behind the scenes of the historic event.",3.5506,/jDz4wFujk94tQP9Sx6EMKDULvkn.jpg,2024-01-19,The Greatest Night in Pop,False,7.9,270,"Documentary, Music"
False,/L7DIiAdP8DnNqOh7454ZrTYspR.jpg,"[10402, 18, 10749]",630566,en,Clouds,"Young musician Zach Sobiech discovers his cancer has spread, leaving him just a few months to live. With limited time, he follows his dream and makes an album, unaware that it will soon be a viral music phenomenon.",3.518,/d0OdD1I8qAfETvE9Rp9Voq7R8LR.jpg,2020-10-09,Clouds,False,8.239,1045,"Music, Drama, Romance"
False,/et0G74BxoBgNQEZBkUcVhsgeRFF.jpg,"[18, 10749, 10402]",523607,en,Maestro,"A towering and fearless love story chronicling the lifelong relationship between Leonard Bernstein and Felicia Montealegre Cohn Bernstein. A love letter to life and art, Maestro at its core is an emotionally epic portrayal of family and love.",3.9556,/kxj7rMco6RNYsVcNwuGAIlfWu64.jpg,2023-11-22,Maestro,False,6.274,818,"Drama, Romance, Music"
False,/84XcRwKHAw4VXdKOYTSW5ARxFEt.jpg,"[10402, 18]",817758,en,TÁR,"As celebrated conductor Lydia Tár starts rehearsals for a career-defining symphony, the consequences of her past choices begin to echo in the present.",4.2191,/dRVAlaU0vbG6hMf2K45NSiIyoUe.jpg,2022-09-23,TÁR,False,7.102,1493,"Music, Drama"
False,/uhPAPblYLrp6UJXi0LdUHPTovkY.jpg,"[10402, 35, 18]",26320,en,Taking Woodstock,"The story of Elliot Tiber and his family, who inadvertently played a pivotal role in making the famed Woodstock Music and Arts Festival into the happening that it was. When Elliot hears that a neighboring town has pulled the permit on a hippie music festival, he calls the producers thinking he could drum up some much-needed business for his parents' run-down motel. Three weeks later, half a million people are on their way to his neighbor’s farm in White Lake, New York, and Elliot finds himself swept up in a generation-defining experience that would change his life–and American culture–forever.",3.867,/wIdyAJCvIj3QUoNmmDdnhXpCMpp.jpg,2009-08-26,Taking Woodstock,False,6.207,469,"Music, Comedy, Drama"
False,/lAvf5zzyOgTZmpRBRJFa7IVVqCK.jpg,"[35, 10402]",8872,en,Wayne's World,"The adventures of two amiably aimless metal-head friends, Wayne and Garth. From Wayne's basement, the pair broadcast a talk-show called ""Wayne's World"" on local public access television. The show comes to the attention of a sleazy network executive who wants to produce a big-budget version of ""Wayne's World""—and he also wants Wayne's girlfriend, a rock singer named Cassandra. Wayne and Garth have to battle the executive not only to save their show, but also Cassandra.",3.8263,/fHwZnFNWR7PaS9t5EBwTvGPeoYQ.jpg,1992-02-14,Wayne's World,False,6.688,2432,"Comedy, Music"
False,/x3u29Z4fWAeQmsUkgkRTFNgDZig.jpg,"[18, 36, 10402]",491283,en,Judy,"Thirty years after starring in ""The Wizard of Oz,"" beloved actress and singer Judy Garland arrives in London to perform sold-out shows at the Talk of the Town nightclub. While there, she reminisces with friends and fans and begins a whirlwind romance with musician Mickey Deans, her soon-to-be fifth husband.",4.0749,/iqJhHjD6k6T07waELjMKDpQJUP.jpg,2019-09-27,Judy,False,6.677,1247,"Drama, History, Music"
False,/cjD6ww2qIEIAD2hT1zH3zlsd8hk.jpg,"[35, 10402]",353616,en,Pitch Perfect 3,"After the highs of winning the world championships, the Bellas find themselves split apart and discovering there aren't job prospects for making music with your mouth. But when they get the chance to reunite for an overseas USO tour, this group of awesome nerds will come together to make some music, and some questionable decisions, one last time.",3.2601,/v4tbRRX0OSOHcgz2869rEjcBwOJ.jpg,2017-12-20,Pitch Perfect 3,False,6.508,3436,"Comedy, Music"
False,/6EJGF4jJajJ4M4xLHoyYdASXfSu.jpg,"[10402, 18]",11009,en,Saturday Night Fever,Tony spends his Saturdays at a disco where his stylish moves raise his popularity among the patrons. But his life outside the disco is not easy and things change when he gets attracted to Stephanie.,5.551,/ylA7E5Md21aqgzxbwa2dFxX8LKV.jpg,1977-12-16,Saturday Night Fever,False,6.7,2051,"Music, Drama"
False,/dAWoR2TMUJHzpEEuxSmElsRO1av.jpg,"[16, 12, 10751, 35, 10402]",570480,en,Trouble,A pampered dog named Trouble must learn to live in the real world while trying to escape from his former owner's greedy children and must learn how to survive on the big-city streets.,3.6846,/yfTXk9T3iNxuOcnA72AirzueLxL.jpg,2019-08-08,Trouble,False,6.6,240,"Animation, Adventure, Family, Comedy, Music"
False,/vlrRGSoCpoSoVzX9Y1JS6rni3Ym.jpg,"[10402, 35, 18, 10751]",498402,fr,Aline,"A fictionalized biopic of Aline Dieu, a multitalented singer from a musically inclined family.",3.219,/9FC1wqVpaWvaIcAbu6bIYgFDu1z.jpg,2021-11-10,Aline,False,6.606,390,"Music, Comedy, Drama, Family"
False,/rW0zvmvdjKTrYz50I1j5XjSweiy.jpg,"[10402, 16, 12, 35, 14]",12105,en,Yellow Submarine,"The wicked Blue Meanies take over Pepperland, eliminating all color and music. As the only survivor, the Lord Admiral escapes in the yellow submarine and journeys to Liverpool to enlist the help of the Beatles.",2.8439,/1pmeLKaLFNggcsAk5FiouIvo3ST.jpg,1968-07-17,Yellow Submarine,False,7.198,544,"Music, Animation, Adventure, Comedy, Fantasy"
False,/rTefIDfreT1kcjuld8K1wgI3ifp.jpg,"[16, 12, 35, 10751, 14, 10402, 10749]",354279,en,Charming,"Three fairy tale princesses find themselves engaged to the same guy, Prince Charming.",3.9113,/jBkQjdlA1EMD2zSX4WLHDbxs6vX.jpg,2018-03-26,Charming,False,6.383,274,"Animation, Adventure, Comedy, Family, Fantasy, Music, Romance"
False,/7IW5xt241RUAufYiFBoAPx5n52V.jpg,"[35, 18, 10402]",936074,fr,Ténor,"While working part-time as a food deliveryman, Antoine, an aspiring young rapper from the suburbs of Paris, meets Mrs. Loiseau, an eminent teacher at the Paris Opéra. Stunned by the young man's raw talent, she introduces him to the world of opera. As Antoine becomes one of Mrs. Loiseau's students, he hides his new dream from his friends and family, fearing that they won’t understand – this double life burdens him... Somewhere in between the gilded and uptight Parisian upper-class, and the harsh yet free-spirited and familiar suburbs he grew up in, Antoine will have to find his own voice.",3.3204,/14195Sv9rUHXJAuWbjFDtRQMUCf.jpg,2022-05-04,Tenor,False,6.995,370,"Comedy, Drama, Music"
False,/jXDanAOPM6gmypt72WlkZwrPuK0.jpg,"[18, 10402]",16620,en,La Bamba,"Los Angeles teenager Ritchie Valens becomes an overnight rock 'n' roll success in 1958, thanks to a love ballad called ""Donna"" that he wrote for his girlfriend. But as his star rises, Valens has conflicts with his jealous brother, Bob, and becomes haunted by a recurring nightmare of a plane crash just as he begins his first national tour alongside Buddy Holly.",3.3858,/6Znulqtc7cdqlUC69HGf26Ef5fi.jpg,1987-07-24,La Bamba,False,7.259,765,"Drama, Music"
False,/1M9A2kW2jGCBEltdxrodXmujTEC.jpg,"[36, 10402, 18]",1002155,fr,Monsieur Aznavour,"From his poor childhood to his rise to fame, from his triumphs to his failures, from Paris to New York, discover the exceptional journey of an artist. Intimate, intense, fragile and indestructible, devoted to his art until the very end, here is one of the most immortal singers of all time: MONSIEUR AZNAVOUR.",3.0111,/23FkaTaAosaTcTgyuJdTf7TvcJu.jpg,2024-10-23,Monsieur Aznavour,False,7.19,324,"History, Music, Drama"
False,/9b1KGgzmZsUl7g3p1bjjpMRxANe.jpg,"[35, 18, 10749, 10402]",80585,en,Rock of Ages,"A small town girl and a city boy meet on the Sunset Strip, while pursuing their Hollywood dreams.",3.2905,/oVeE2QTUb14jPU2lYEGPE3s8T9j.jpg,2012-06-13,Rock of Ages,False,6.185,1337,"Comedy, Drama, Romance, Music"
False,/tmP4COlAaowO0FniW30aatOcmMq.jpg,"[18, 35, 10749, 10402]",243,en,High Fidelity,"After his long-time girlfriend dumps him, a thirty-year-old record store owner seeks to understand why he is unlucky in love while recounting his ""top five breakups of all time"".",3.077,/e2LZGB62GMhv3Fo8tDZjY87I81a.jpg,2000-03-17,High Fidelity,False,7.133,2156,"Drama, Comedy, Romance, Music"
False,/jUeUWPkq7rDIjrDsm0tWVuoTEwq.jpg,"[10751, 35, 10402, 12, 16]",258509,en,Alvin and the Chipmunks: The Road Chip,"Through a series of misunderstandings, Alvin, Simon and Theodore come to believe that Dave is going to propose to his new girlfriend in New York City - and dump them. They have three days to get to him and stop the proposal.",2.9816,/16OcuuW5z509WILR6BmscNdXgw0.jpg,2015-12-17,Alvin and the Chipmunks: The Road Chip,False,6.026,1741,"Family, Comedy, Music, Adventure, Animation"
False,/5XSitXno6yxYkNppwP5gOhC7SfA.jpg,"[18, 10402]",11326,en,Tommy,"After a series of traumatic childhood events, a psychosomatically deaf, dumb and blind boy becomes a master pinball player and the object of a religious cult.",2.9189,/pAImVnqBJwoFAKrcpAe17JjLGUs.jpg,1975-03-19,Tommy,False,6.455,355,"Drama, Music"
False,/6ZzMkCCDX7TbLQySUqW8meYqVPM.jpg,"[10402, 35, 18]",256924,en,Danny Collins,An ageing hard-living 1970s rock star decides to change his life when he discovers a 40-year-old undelivered letter written to him by John Lennon.,3.052,/sf9ndc9l6alP9DhJF1ZpKz1PaXK.jpg,2015-03-19,Danny Collins,False,6.747,574,"Music, Comedy, Drama"
False,/iytQNneOp4lNSKktRh9T6Fo3UXk.jpg,"[99, 10402, 36]",396194,it,Ennio,"A portrait of Ennio Morricone, the most popular and prolific film composer of the 20th century, the one most loved by the international public, a two-time Oscar winner and the author of over five hundred unforgettable scores.",3.1934,/lEuLAubp74HYztEyNYpEx3AoqOu.jpg,2022-02-17,Ennio,False,8.293,372,"Documentary, Music, History"
False,/Ag4eANWzHEwC7rQVyvcGsL34ieP.jpg,"[10402, 18]",12104,en,Pink Floyd: The Wall,A troubled rock star descends into madness in the midst of his physical and social isolation from everyone.,3.4548,/aElHyIdF5jmctFGhlhhaPFsbBJC.jpg,1982-07-14,Pink Floyd: The Wall,False,7.94,1615,"Music, Drama"
False,/iHDgL6vulhP9j8ygG47gnOEyybf.jpg,"[35, 14, 10751, 10402, 16]",55301,en,Alvin and the Chipmunks: Chipwrecked,"Playing around while aboard a cruise ship, the Chipmunks and Chipettes accidentally go overboard and end up marooned in a tropical paradise. They discover their new turf is not as deserted as it seems.",3.1738,/npOXWVoZyl8UrF2wtByHtfmsWSX.jpg,2011-12-14,Alvin and the Chipmunks: Chipwrecked,False,5.697,2329,"Comedy, Fantasy, Family, Music, Animation"
False,/a3FaHEGActk76BeCBingyOvEqnm.jpg,"[35, 10402]",11031,en,This Is Spinal Tap,"""This Is Spinal Tap"" shines a light on the self-contained universe of a metal band struggling to get back on the charts, including everything from its complicated history of ups and downs, gold albums, name changes and undersold concert dates, along with the full host of requisite groupies, promoters, hangers-on and historians, sessions, release events and those special behind-the-scenes moments that keep it all real.",3.6021,/b3lllDltoBws5uKZzBYVSjpjjJx.jpg,1984-03-02,This Is Spinal Tap,False,7.414,1600,"Comedy, Music"
False,/mLihPIodzSenkZtiUauDy4e9hRs.jpg,"[10751, 14, 10770, 12, 10402]",417320,en,Descendants 2,"When the pressure to be royal becomes too much for Mal, she returns to the Isle of the Lost where her archenemy Uma, Ursula's daughter, has taken her spot as self-proclaimed queen.",3.4366,/qoNlGfQmFZ37Gf5fRBaCTLlOZtx.jpg,2017-07-21,Descendants 2,False,7.353,1759,"Family, Fantasy, TV Movie, Adventure, Music"
False,/9iw4a6AQkxUO3EuRn59Vgrqf0zO.jpg,"[36, 18, 10402]",1038263,en,Maria,"Maria Callas, the world's greatest opera singer, lives the last days of her life in 1970s Paris, as she confronts her identity and life.",3.3563,/3oQRG0bwPUqE4N4n8z2kAzr7e40.jpg,2024-11-27,Maria,False,6.437,441,"History, Drama, Music"
False,/1czvi8gsu675rH2XjSxHyPBUv95.jpg,"[35, 10749, 18, 10751, 10402]",11887,en,High School Musical 3: Senior Year,"As seniors in high school, Troy and Gabriella struggle with the idea of being separated from one another as college approaches. Along with the rest of the Wildcats, they stage a spring musical to address their experiences, hopes and fears about their future.",2.9468,/aq2o1wT0crBOTxof36O6KTyjpgE.jpg,2008-10-11,High School Musical 3: Senior Year,False,6.545,3585,"Comedy, Romance, Drama, Family, Music"
False,/xrSRmL6pXnRfu9vKwayILkNgLP.jpg,"[35, 10402, 10749, 18]",198277,en,Begin Again,"Gretta, a budding songwriter, finds herself alone after her boyfriend Dave ditches her. Her life gains purpose when Dan, a record label executive, notices her talent.",3.3479,/qx4HXHXt528hS4rwePZbZo20xqZ.jpg,2014-06-27,Begin Again,False,7.235,3966,"Comedy, Music, Romance, Drama"
False,/qJVUx5xUes9cTDpMiNWx4Fab2ac.jpg,"[10751, 35, 18, 10402, 10770]",32293,en,The Cheetah Girls,"A four-member teen girl group named the Cheetah Girls go to a Manhattan High School for the Performing Arts and try to become the first freshmen to win the talent show in the school's history. During the talent show auditions, they meet a big-time producer named Jackal Johnson, who tries to make the group into superstars, but the girls run into many problems.",2.5585,/7XOJqR8WErIm1ZqytABCEuUke1C.jpg,2003-08-15,The Cheetah Girls,False,6.043,488,"Family, Comedy, Drama, Music, TV Movie"
False,/mTsbahr4SLqgVZkKRN0O8t5iA9y.jpg,"[18, 35, 10402]",71,en,Billy Elliot,"County Durham, England, 1984. The miners' strike has started and the police have started coming up from Bethnal Green, starting a class war with the lower classes suffering. Caught in the middle of the conflict is 11-year old Billy Elliot, who, after leaving his boxing club for the day, stumbles upon a ballet class and finds out that he's naturally talented. He practices with his teacher Mrs. Wilkinson for an upcoming audition in Newcastle-upon Tyne for the royal Ballet school in London.",3.2435,/nOr5diUZxphmAD3li9aiILyI28F.jpg,2000-09-28,Billy Elliot,False,7.593,4039,"Drama, Comedy, Music"
False,/oV3FcC9A8gQCphOt40IcCwujNx0.jpg,"[10402, 35, 10749]",11424,en,High Society,"With socialite Tracy Lord about to remarry, her ex-husband - with the help of a sympathetic reporter - has 48 hours to convince her that she really still loves him.",2.4393,/eOKLignOrNN7pgTQbwCzW6WPwbD.jpg,1956-07-17,High Society,False,6.804,257,"Music, Comedy, Romance"
False,/l1wcKPBvB4FKXpvG6rD8FbpjvPT.jpg,"[18, 10402, 10749]",52959,en,Star!,Gertrude Lawrence rises to stage stardom at the cost of happiness.,2.8059,/xMyOm5hLWeuoWBea1DJrcJy8bU6.jpg,1968-07-18,Star!,False,6.9,234,"Drama, Music, Romance"
False,/9Xz0bzUFTVgDZd4WZz1cJDQjLkB.jpg,"[16, 18, 10402, 10749]",632632,ja,映画 ギヴン,"Haruki secretly had feelings for Akihiko for years, but Akihiko was still in a relationship with his roommate, the violinist Ugetsu Murata. Haruki, Akihiko, and Ugetsu's love clashes and starts to move forward.",3.4633,/pegCub2zdYD5As43AOmGsIctuKc.jpg,2020-08-22,Given,False,8.3,413,"Animation, Drama, Music, Romance"
False,/bcXDN63bikg2KzqtOIjaj9qUiaj.jpg,"[10402, 18, 10749]",585244,en,I Still Believe,The true-life story of Christian music star Jeremy Camp and his journey of love and loss that looks to prove there is always hope.,2.9547,/dqA2FCzz4OMmXLitKopzf476RVB.jpg,2020-03-12,I Still Believe,False,7.6,1219,"Music, Drama, Romance"
False,/nH6VTXjf5YbtrFKrFBl86bxclk1.jpg,"[10402, 35, 18]",1180629,ga,Kneecap,"When fate brings Belfast teacher JJ into the orbit of self-confessed ""low life scum"" Naoise and Liam Óg, the needle drops on a hip-hop act like no other. Rapping in their native Irish, they lead a movement to save their mother tongue.",3.3823,/gEbQi5QWUg3CQ9R5dwvPBvbOX17.jpg,2024-08-02,Kneecap,False,7.251,251,"Music, Comedy, Drama"
False,/bAczza4WsWbQxjouMbwxl9Jkile.jpg,"[35, 18, 10751, 10402, 10749]",18126,en,Hannah Montana: The Movie,"When Miley Stewart (aka pop-star Hannah Montana) gets too caught up in the superstar celebrity lifestyle, her dad decides it's time for a total change of scenery. But sweet niblets! Miley must trade in all the glitz and glamour of Hollywood for some ol' blue jeans on the family farm in Tennessee, and question if she can be both Miley Stewart and Hannah Montana.",3.6784,/nZUKhfpUCFfTy24LGBHdDlK5RLx.jpg,2009-04-10,Hannah Montana: The Movie,False,6.586,2085,"Comedy, Drama, Family, Music, Romance"
False,/pMBKzEotLUzk3NuQiyVjZEDlH70.jpg,"[18, 10402, 10749]",69,en,Walk the Line,"A chronicle of country music legend Johnny Cash's life, from his early days on an Arkansas cotton farm to his rise to fame with Sun Records in Memphis, where he recorded alongside Elvis Presley, Jerry Lee Lewis and Carl Perkins.",3.4561,/p8lPTjvjOjTfvC1E9pmMwcF9vkn.jpg,2005-09-13,Walk the Line,False,7.496,3091,"Drama, Music, Romance"
False,/Ezr1StPIK9xMqXeTNBXbrnbgu4.jpg,"[10402, 35, 10749]",13320,en,Funny Face,A shy Greenwich Village book clerk is discovered by a fashion photographer and whisked off to Paris where she becomes a reluctant model.,3.2971,/tzTjalpIz6NyFrWPPlOBFoBjb7z.jpg,1957-02-13,Funny Face,False,7.0,718,"Music, Comedy, Romance"
False,/dHEgQQVNf02iJRSorVcTYJ3FWt1.jpg,"[10402, 35, 10749, 10751]",15157,en,Another Cinderella Story,"A guy who danced with what could be the girl of his dreams at a costume ball only has one hint at her identity: the Zune she left behind as she rushed home in order to make her curfew. And with a once-in-a-lifetime opportunity in front of him, he sets out to find his masked beauty.",2.7468,/bW957WNXiiUvIGFaUVL7wMeD776.jpg,2008-09-16,Another Cinderella Story,False,7.317,2103,"Music, Comedy, Romance, Family"
False,/8QBkWWXiOvNZdPbvzR8j0amw4Yy.jpg,"[18, 10402]",1931,en,Stomp the Yard,"After the death of his younger brother, a troubled 19-year-old street dancer from Los Angeles is able to bypass juvenile hall by enrolling in the historically black, Truth University in Atlanta, Georgia. But his efforts to get an education and woo the girl he likes are sidelined when he is courted by the top two campus fraternities, both of which want and need his fierce street-style dance moves to win the highly coveted national step show competition.",3.1195,/dald9tUbRmGQ91CUJnzaBAjjvUf.jpg,2007-05-16,Stomp the Yard,False,7.065,505,"Drama, Music"
False,/93gOZuHazBWulk7b47MCXWVTiqh.jpg,"[16, 10402, 10751, 35]",454458,en,UglyDolls,"In the adorably different town of Uglyville, weirdness is celebrated, strangeness is special and beauty is embraced as more than meets the eye. After traveling to the other side of a mountain, Moxy and her UglyDoll friends discover Perfection -- a town where more conventional dolls receive training before entering the real world to find the love of a child.",3.2043,/p97LQ1TL95mptVL2AS8Rz1cJCQg.jpg,2019-05-01,UglyDolls,False,6.635,460,"Animation, Music, Family, Comedy"
False,/vgVzQyOVU5QDSbEPkilPVg8IS41.jpg,"[10402, 35]",6279,en,Sister Act 2: Back in the Habit,"Deloris Van Cartier is again asked to don the nun's habit to help a run-down Catholic school, presided over by Mother Superior. And if trying to reach out to a class full of uninterested students wasn't bad enough, the sisters discover that the school is due to be closed by the unscrupulous chief of a local authority.",2.9773,/2jmPYqep3r2eumauyTauNIhSmR7.jpg,1993-12-09,Sister Act 2: Back in the Habit,False,6.4,1920,"Music, Comedy"
False,/h87R0iJBcUYcIOE2GEVEcpwtBd9.jpg,"[10402, 18, 10749]",8328,en,Step Up 2: The Streets,"When rebellious street dancer Andie West lands at the elite Maryland School of the Arts, she finds herself fighting to fit in while also trying to hold onto her old life. When she joins forces with the school's hottest dancer, Chase Collins, to form a crew of fellow outcasts to compete in Baltimore's underground dance battle The Streets.",3.2438,/vYdlRTvA5fneB88NchV3sirzCE1.jpg,2008-02-14,Step Up 2: The Streets,False,6.684,2396,"Music, Drama, Romance"
False,/46scrnII4tNzNQmeULCMCsCmgKA.jpg,"[18, 10749, 35, 10402]",13497,en,Drumline,"A talented street drummer from Harlem enrolls in a Southern university, expecting to lead its marching band's drumline to victory. He initially flounders in his new world, before realizing that it takes more than talent to reach the top.",2.3677,/zl7gdxYqKdFCioPT3DAkZR5DDUP.jpg,2002-12-13,Drumline,False,6.886,554,"Drama, Romance, Comedy, Music"
